Nama,Penelitian,Sitasi
AGUS HARYANTO,Current status of hydrogen production techniques by steam reforming of ethanol: a review,1175
AGUS HARYANTO,A thermodynamic analysis of hydrogen production by steam reforming of glycerol,277
AGUS HARYANTO,Production of hydrogen by steam reforming of glycerin over alumina-supported metal catalysts,244
AGUS HARYANTO,Hydrogen production from glycerol: An update,241
AGUS HARYANTO,Hydrogen production from glycerin by steam reforming over nickel catalysts,227
AGUS HARYANTO,Conversion of glycerol to hydrogen via a steam reforming process over nickel catalysts,176
AGUS HARYANTO,A comparative thermodynamic and experimental analysis on hydrogen production by steam reforming of glycerin,149
AGUS HARYANTO,Upgrading of syngas derived from biomass gasification: A thermodynamic analysis,71
AGUS HARYANTO,Ultrahigh temperature water gas shift catalysts to increase hydrogen yield from biomass gasification,54
AGUS HARYANTO,Kinetics and reactor modeling of hydrogen production from glycerol via steam reforming process over Ni/CeO2 catalysts,52
AGUS HARYANTO,Hydrogen production through the water− gas shift reaction: thermodynamic equilibrium versus experimental results over supported Ni catalysts,50
AGUS HARYANTO,Co-gasification of hardwood chips and crude glycerol in a pilot scale downdraft gasifier,48
AGUS HARYANTO,Glycerin steam reforming for hydrogen production,15
AGUS HARYANTO,Palm oil mill effluent treatment and utilization to ensure the sustainability of palm oil industries,11
AGUS HARYANTO,Sustainability assesment of biomass utilization for bioenergy case study in Lampung Indonesia,10
AGUS HARYANTO,Economic benefit and greenhouse gas emission reduction potential of a family-scale cowdung anaerobic biogas digester,5
AGUS HARYANTO,Toward Revitalization of Biomass Gasification Technology,4
AGUS HARYANTO,"Effect of Stove types on in-kitchen air quality: case study at way Isem Village, Lampung Province, Indonesia",3
AGUS HARYANTO,Valuable products of glycerin gasification under sub-and supercritical water treatment,3
AGUS HARYANTO,Produksi Biogas dari Rumput Gajah (Pennisetum Purpureum) Melalui Proses Fermentasi Kering,2
Ag. Bambang Setiyadi,Metode penelitian untuk pengajaran bahasa asing: Pendekatan kuantitatif dan kualitatif,317
Ag. Bambang Setiyadi,Teaching English as foreign language,268
Ag. Bambang Setiyadi,Penelitian dalam pengajaran bahasa asing,11
Ag. Bambang Setiyadi,A survey of language learning strategies in a tertiary EFL in Indonesia,11
Ag. Bambang Setiyadi,Penelitian Tindakan untuk Guru dan Mahasiswa,10
Ag. Bambang Setiyadi,English learning strategies in an EFL setting in Indonesia,8
Ag. Bambang Setiyadi,Language Learning Strategies: Classification and Pedagogical Implication,7
Ag. Bambang Setiyadi,Skill-based Categories: An Alternative of Language Learning Strategy Measurement,5
Ag. Bambang Setiyadi,Mahpul.(2016). How Successful Learners Employ Learning Strategies in an EFL Setting in the Indonesian Context,5
Ag. Bambang Setiyadi,Tefl 1,3
Ag. Bambang Setiyadi,Teaching writing,3
Ag. Bambang Setiyadi,Redesigning Language Learning Strategy Classifications,3
Ag. Bambang Setiyadi,"Language Attitude and Motivation of the Islamic School Students: How do Madrasa Students of the Academic Year 2013 -2014 in Indonesia Perceive English, English Teaching and …",2
Ag. Bambang Setiyadi,A comparative study between introvert and extrovert students personality in listening achievement,2
Ag. Bambang Setiyadi,Teaching English for Learner 2,2
Ag. Bambang Setiyadi,"B. Mahpul, Sukamto and Sukirlan. 2007",2
Ag. Bambang Setiyadi,Attitude and Motivation in Learning a Local Language,1
Ag. Bambang Setiyadi,Identifying learning strategies between successful and unsuccessful learners in reading comprehension,1
Ag. Bambang Setiyadi,The Difference Between Successful And Unsuccessful Learners In English Listening's Learning Strategies,1
Ag. Bambang Setiyadi,THE IMPLEMENTATION OF “POWER TEACHING” APPROACH IN INCREASING STUDENTS’SPEAKING PARTICIPATION,1
YUL MARTIN,Observation of Two-Neutrino Double-Beta Decay in ,206
ABDUL SYANI,"Sosiologi Skematika, Teori dan Terapan",197
Nova Mardiana,Pengaruh Struktur Kepemilikan Terhadap Keputusan Keuangan dan Nilai Perusahaan Survey pada Perusahaan Manufaktur di PT. Bursa Efek Indonesia,200
F.X. Susilo,"Termite assemblage collapse along a land‐use intensification gradient in lowland central Sumatra, Indonesia",202
Abdul Kadir Salam,The pH dependence of free ionic activities and total dissolved concentrations of copper and cadmium in soil solution,131
Jamalam Lumbanraja,"Deterioration of soil fertility by land use changes in South Sumatra, Indonesia: from 1970 to 1990",58
I GEDE AB WIRANATA,Membedah hukum progresif,328
Prof. Dr. Ahmad Saudi Samosir,A review of maximum power point tracking algorithms for wind energy systems,361
YUL MARTIN,Observation of single collisionally cooled trapped ions in a buffer gas,36
YUL MARTIN,Detection of SF,22
YUL MARTIN,A linear RFQ ion trap for the Enriched Xenon Observatory,19
YUL MARTIN,A liquid xenon ionization chamber in an all-fluoropolymer vessel,9
YUL MARTIN,Nano Lett.,6
YUL MARTIN,Separation and enrichment of semiconducting carbon nanotubes and its application to highly sensitive carbon nanotube gas sensor,4
YUL MARTIN,Perbaikan Tahanan Pentanahan dengan Menggunakan Bentonit Teraktivasi,3
YUL MARTIN,Dielectrophoretic assembly of semiconducting carbon nanotubes separated and enriched by spin column chromatography and its application to gas sensing,3
YUL MARTIN,Identification of DC corona generating SF 6 decomposition gases adsorbed on CNT gas sensor using FTIR spectroscopy,3
YUL MARTIN,Pengaruh Penambahan Asam Sulfat (H2SO4) pada Bentonit untuk Penurunan Nilai Tahanan Pentanahan,2
YUL MARTIN,Analisa Harmonisa Akibat Pengaruh Penggunaan Converter pada Kereta Rel Listrik 1x25 kV Jogyakarta-Solo,1
YUL MARTIN,Detection of SF 6 decomposition gases generated by HVDC partial discharges using carbon nanotube gas sensor,1
YUL MARTIN,Mesin Pembuat Es Puter Elektrik untuk Home Industry di Wilayah Rajabasa Bandar Lampung,"(None,)"
YUL MARTIN,Simulasi Tegangan Lebih Akibat Sambaran Petir terhadap Penentuan Jarak Maksimum untuk Perlindungan Peralatan pada Gardu Induk,"(None,)"
ABDUL SYANI,Sosiologi dan perubahan masyarakat: suatu interpretasi kearah realitas sosial,69
ABDUL SYANI,Sosiologi Kriminalitas,33
ABDUL SYANI,Manajemen organisasi,31
ABDUL SYANI,"Sosiologi: skematika, teori dan terapan",22
ABDUL SYANI,Pengantar metode statistik nonparametrik,12
ABDUL SYANI,Sosiologi Kriminologi,12
ABDUL SYANI,Kejahatan Dan Penyimpangan Suatu Prespektif Kriminologi,6
ABDUL SYANI,"Faktor Penyebab, Dampak dan Strategi Penyelesaian Konflik antar Warga di Kecamatan Way Panji Kabupaten Lampung Selatan",4
ABDUL SYANI,FAKTOR PENYEBAB TERJADINYA GELANDANGAN DAN PENGEMIS (Studi Pada Gelandangan dan Pengemis Di Kecamatan Tanjung Karang Pusat Kota Bandar Lampung),3
ABDUL SYANI,Good Governance Dalam Era Otonami Daerah,2
ABDUL SYANI,Sosiologi Suatu Skematika Teori dan Terapan,2
ABDUL SYANI,"Masyarakat, Dinamika Kelompok dan Implikasi Kebudayaan dalam Pembangunan",1
ABDUL SYANI,Latar Belakang Perilaku Seks Bebas dan Perkembangannya dalam Pola kehidupan Masyarakat,1
ABDUL SYANI,Sosio0logi Skematika,1
ABDUL SYANI,Pengantar Metode Statistik,1
ABDUL SYANI,FAKTOR-FAKTOR PENYEBAB DAN DAMPAK SESEORANG BERMAIN JUDI TOGEL (TOTO GELAP),1
ABDUL SYANI,STRATEGI DAN PENDEKATAN NILAI KEARIFAN LOKAL LAMPUNG DALAM PEMELIHARAAN KETENTERAMAN DAN KETERTIBAN MASYARAKAT DESA,"(None,)"
Nova Mardiana,Pengaruh Keputusan Keuangan dan Kepemilikan Institusional terhadap Nilai Perusahaan (Studi Kasus Pada Perusahaan Manufaktur Yang Listing di BEJ),39
Nova Mardiana,"Struktur Kepemilikan, Keputusan Keuangan dan Nilai Perusahaan",37
Nova Mardiana,Penyusunan anggaran perusahaan,36
Nova Mardiana,BANKING; ACCORDING TO ISLAMIC SYARIA CONCEPTS AND ITS PERFORMANCE IN INDONESIA,31
Nova Mardiana,Pengaruh Struktur Kepemilikan Terhadap Keputusan Pendanaan (Perspektif Agency Theory),13
Nova Mardiana,Evaluasi kinerja dan prospek reksadana saham syariah dalam pasar modal di Indonesia,11
Nova Mardiana,"Pengaruh Faktor Fundamental, Faktor Ekonomi, dan Risiko Sistematis terhadap Tingkat Pengembalian Saham BEJ",5
Nova Mardiana,"Pengaruh Faktor Fundamental, Indikator Ekonomi Makro, dan Risiko Sistematis Terhadap Tingkat Pengembalian Saham di PT Bursa Efek Jakarta",5
Nova Mardiana,PENGARUH STRUKTUR KEPEMILIKAN TERHADAP KEPUTUSAN PENDANAAN (Perspektif Agency Theory) Survey Pada Perusahaan Manufaktur di PT. Bursa Efek Indonesia,4
Nova Mardiana,Pengaruh Kualitas Pelayanan Terhadap Kepuasan Anggota Perpustakaan Kota Medan,3
Nova Mardiana,the influence of curriculum and lecturers toward Quality of Entrepreneurial Graduates in Bandung,3
Nova Mardiana,Studi Optimalisasi Fasilitas Parkir di Fakultas Keguruan Ilmu Pendidikan (FKIP) Universitas Lampung,2
Nova Mardiana,"Studi Optimalisasi Perparkiran dan Pedestrian di Fakultas Teknik Jurusan Teknik Mesin, Teknik Elektro, Teknik Kimia dan Teknik Geofisika Universitas Lampung",2
Nova Mardiana,Analisis Perbandingan Kinerja Reksa Dana Konvensional dan Reksa Dana Syariah Sebagai Dasar Pengetahuan Bagi Pengambilan Keputusan Investasi di Pasar Modal Indonesia,2
F.X. Susilo,Vegetation indicates diversity of soil macroinvertebrates: a case study with termites along a land-use intensification gradient in lowland Sumatra,65
F.X. Susilo,Macrofauna,33
F.X. Susilo,Belowground biodiversity assessment: Developing a key functional group approach in best-bet alternatives to slash and burn,25
F.X. Susilo,"Plant functional types and traits as biodiversity indicators for tropical forests: two biogeographically separated case studies including birds, mammals and termites",23
F.X. Susilo,Sampling strategy and design to evaluate below-ground biodiversity,22
F.X. Susilo,Belowground biodiversity and sustainability of complex agroecosystems,20
F.X. Susilo,"Soil Collembola, Acari and other mesofauna–the Berlese method",14
F.X. Susilo,"Soil macrofauna: ground-dwelling ants, termites, other macroarthropods and earthworms",14
F.X. Susilo,Methods For Assessment of Below-Ground Biodiversity In Indonesia,12
F.X. Susilo,Estratégia e modelo de amostragem para avaliar a biodiversidade do solo,4
F.X. Susilo,"Collembola, acari y otra mesofauna del suelo: el método Berlese",2
F.X. Susilo,"Collembola, Acari e outros grupos da mesofauna do solo–O método de Berlese",2
F.X. Susilo,Conservation and sustainable management of belowground biodiversity in Indonesia in the context of the global CSM-BGBD project,2
F.X. Susilo,"Species richness, functional diversity and relative abundance of termites under different land use regimes",2
F.X. Susilo,Impact of Tropical Rain Forest Conversion on the Diversity and Abundance of Termites in Jambi Province (Dampak Konversi Hutan Tropika Basah Terhadap Keragaman Jenis Dan …,"(None,)"
F.X. Susilo,"Bandar Lampung, 8-9 Mei 1995","(None,)"
F.X. Susilo,Diseño y estrategias de muestreo para la evaluación de la biodiversidad del suelo,"(None,)"
F.X. Susilo,TOWARD SUSTAINABLE AGRICULTURE IN HUMID TROPICS FACING 2 1st CENTURY,"(None,)"
F.X. Susilo,"David E. Bignell, Reginaldo Constantino, Csaba Csuzdi, Agus Karyanto, Souleymane Konaté, Julio Louzada","(None,)"
Abdul Kadir Salam,"Activities of some soil enzymes in different land use systems after deforestation in hilly areas of West Lampung, South Sumatra, Indonesia",78
Abdul Kadir Salam,"Land use and cover changes in a hilly area of South Sumatra, Indonesia (from 1970 to 1990)",29
Abdul Kadir Salam,"Activities of soil enzymes in different land-use systems in middle terrace areas of Lampung Province, South Sumatra, Indonesia",18
Abdul Kadir Salam,"Measurement and behavior of indigenous levels of the free-hydrated cations of Cu, Zn and Cd in the soil water system",17
Abdul Kadir Salam,Ilmu Tanah Fundamental,8
Abdul Kadir Salam,"Soil enzymatic activities in a hilly coffee plantation in Lampung Province, South Sumatra, Indonesia, under plant cover management",6
Abdul Kadir Salam,"M. Kimura. 1997. Land Use and Cover Changes in a Hilly Area of South Sumatra, Indonesia (from 1970-1990)",5
Abdul Kadir Salam,"Control of Indigenous levels of Cadmium, Copper, and Zinc Ion Activities in Soil Solution",4
Abdul Kadir Salam,"Activities of soil enzymes in fields continuously cultivated with cassava, sugarcane, and pineapple in middle terrace areas of Lampung Province, South Sumatra, Indonesia",3
Jamalam Lumbanraja,Effect of intermittent irrigation on methane emission from an Indonesian paddy field,44
Jamalam Lumbanraja,Methane emission from an Indonesian paddy field subjected to several fertilizer treatments,38
Jamalam Lumbanraja,Three-year measurement of methane emission from an Indonesian paddy field,33
Jamalam Lumbanraja,"Land use and cover changes in a hilly area of South Sumatra, Indonesia (from 1970 to 1990)",29
Jamalam Lumbanraja,Soil chemical properties of an Indonesian red acid soil as affected by land use and crop management,18
Jamalam Lumbanraja,"Sarno and M. Kimura. 1999. Deterioration of Soil Fertility from Land-Use Changes in South Sumatra, Indonesia (1970-1990)",17
Jamalam Lumbanraja,M.(1994). Methane emission from an Indonesian paddy fields subjected to several fertilizers treatments,15
Jamalam Lumbanraja,Effect of rice variety on methane emission from an Indonesian paddy field,14
Jamalam Lumbanraja,Effect of weed management in coffee plantation on soil chemical properties,10
Jamalam Lumbanraja,Methane emission from an Indonesian rainfed paddy field,9
Jamalam Lumbanraja,Inoculation effect of N2-Fixer and P-solubilizer into a mixture of fresh manure and phosphate rock formulated as organonitrofos fertilizer on bacterial and fungal populations,8
Jamalam Lumbanraja,Pengaruh jangka panjang pemberian pupuk organik dan inorganik serta kombinasinya terhadap perbaikan tanah masam Taman Bogo. J,7
Jamalam Lumbanraja,"Methane emission from Indonesian rice fields with special references to the effects of yearly and seasonal variations, rice variety, soil type and water management",7
Jamalam Lumbanraja,"H., and Kimura, M. 1996: Three-year measurement of methane emission from an Indonesian paddy field",6
Jamalam Lumbanraja,"Uji Efektivitas Pupuk Organonitrofos dan Kombinasinya Dengan Pupuk Anorganik terhadap Pertumbuhan, Serapan Hara dan Produksi Tanaman Mentimun (Cucumis Sativus L.) pada Musim …",5
Jamalam Lumbanraja,Optimum Ratio of Fresh Manure and Grain Size of Phosphate Rock Mixture in a Formulated Compost for Organomineral NP Fertilizer,5
Jamalam Lumbanraja,"M. Kimura. 1997. Land Use and Cover Changes in a Hilly Area of South Sumatra, Indonesia (from 1970-1990)",5
Jamalam Lumbanraja,"Uji Efektifitas Pupuk Organonitrofos Dan Kombinasinya Dengan Pupuk Kimia Terhadap Pertumbuhan, Serapan Hara Dan Produksi Tanaman Kedelai (Glycine Max L. Merr) Pada Musim Tanam …",3
Jamalam Lumbanraja,"Effect of land degradation on soil microbial biomass in a hilly area of south Sumatra, Indonesia",3
I GEDE AB WIRANATA,Hukum Adat Indonesia Perkembangan dari Masa ke Masa,60
I GEDE AB WIRANATA,Antropologi Budaya,37
I GEDE AB WIRANATA,Dasar-dasar etika dan moralitas (pengantar kajian etika profesi hukum),23
I GEDE AB WIRANATA,Hukum Adat Indonesia,20
I GEDE AB WIRANATA,Etika Bisnis&Hukum Bisnis(Sebuah Pemikiran Awal),3
I GEDE AB WIRANATA,Reorientasi Terhadap Tanah Sebagai Objek Investasi,3
I GEDE AB WIRANATA,Kajian Hukum Penanaman Modal,3
I GEDE AB WIRANATA,Citra Aditya,3
Prof. Dr. Ahmad Saudi Samosir,Implementation of dynamic evolution control of bidirectional DC-DC converter for interfacing ultracapacitor energy storage to fuel-cell system,116
Prof. Dr. Ahmad Saudi Samosir,Modeling and simulation based approach of photovoltaic system in simulink model,63
Prof. Dr. Ahmad Saudi Samosir,Dynamic evolution control of bidirectional DC-DC converter for interfacing ultracapacitor energy storage to Fuel Cell Electric Vehicle system,39
Prof. Dr. Ahmad Saudi Samosir,A new topology-Reversing Voltage (RV)-for multi level inverters,34
Prof. Dr. Ahmad Saudi Samosir,Simulation and implementation of interleaved boost DC-DC converter for fuel cell application,32
Prof. Dr. Ahmad Saudi Samosir,"Modeling and simulation of a solar photovoltaic system, its dynamics and transient characteristics in LABVIEW",31
Prof. Dr. Ahmad Saudi Samosir,"Dynamic evolution control for synchronous buck DC–DC converter: Theory, model and simulation",29
Prof. Dr. Ahmad Saudi Samosir,Modelling and simulation of maximum power point tracking of photovoltaic system in Simulink model,24
Prof. Dr. Ahmad Saudi Samosir,Dynamic evolution control of interleaved boost dc-dc converter for Fuel Cell application,20
Prof. Dr. Ahmad Saudi Samosir,"A new approach of modelling, simulation of mppt for photovoltaic system in simulink model",19
Prof. Dr. Ahmad Saudi Samosir,Control of a bidirectional converter to interface ultracapacitor with renewable energy sources,19
Caswita Wita,Pengaruh Metode Socrates terhadap Kemampuan dan Disposisi Berpikir Kritis Matematis Siswa SMA,45
rangga firdaus,Manajemen Perkreditan Bank Umum,227
Gusri AKHYAR IBRAHIM,Surface integrity of Inconel 718 when finish turning with PVD coated carbide tool under MQL,56
Zainal Abidin,Effects of treatment of barley straw with anhydrous ammonia and supplementation with heat-treated protein meals on feed intake and liveweight performance of growing lambs,61
NETTI HERAWATI,"Cadmium, copper, and zinc levels in rice and soil of Japan, Indonesia, and China by soil type",146
ARI NURWENI,The English vocabulary knowledge of Indonesian university students,233
SINDUNG HARYANTO,Spektrum Teori Sosial Dari Klasik Hingga Postmodern,118
Buhani,Gambier extracts as an inhibitor of calcium carbonate (CaCO 3) scale formation,57
YUL MARTIN,Analisis Perbandingan Shielding Gardu Induk Menggunakan Model Electrogeometric,"(None,)"
YUL MARTIN,SF6 ガス中インパルス絶縁破壊放電に対するカーボンナノチューブガスセンサの応答,"(None,)"
YUL MARTIN,Penentuan Kapasitas Arus Surja Alat Proteksi Petir (SPDs) Yang Dibutuhkan Sebuah Gedung Yang Tersambar Petir Secara Langsung,"(None,)"
YUL MARTIN,Application of carbon nanotube gas sensor to partial discharges detection for gas-insulated switchgear diagnosis,"(None,)"
YUL MARTIN,Response of a carbon nanotube gas sensor to impulse discharges in SF 6 gas,"(None,)"
ABDUL SYANI,Peranan Guru Sekolah Dalam Mencegah Terjadinya Tawuran Dikalangan Pelajar (Studi di SMA Perintis 1 Bandar Lampung),"(None,)"
ABDUL SYANI,Faktor-Faktor Penyebab Dan Dampak Seseorang Bermain Judi Togel (Toto Gelap)(Studi di Desa Bengkulu Rejo Kecamatan Gunung Labuhan Kabupaten Way Kanan),"(None,)"
Nova Mardiana,"Kepuasan Kerja: Konsep, Teori, Pendekatan dan Skala Pengukurannya",2
Nova Mardiana,Studi Kebutuhan Hotmix di Provinsi Lampung,1
Nova Mardiana,Which Is Better: Homoskedastis Or Heteroskedastis Volatility Model For Option Pricing?(Test Of Black-Scholes Option Model And Garch Option Model At The Indonesian Stock Exchange),1
Nova Mardiana,Pengujian Garch Option Model untuk Barrier Option di Bursa Efek Indonesia,1
Nova Mardiana,Peranan Manajemen Kontribusi dalam Modal Intelektual Sumber Daya Manusia Untuk Menjadi Juara,1
Abdul Kadir Salam,Status kesuburan tanah dalam pertanaman singkong (Manihot esculenta Crantz) di Gunung Batin Lampung Utara: 1. Tingkat ketersediaan unsur hara,3
Abdul Kadir Salam,Effects of land-use system and land-use change on soil enzymatic activities,2
Abdul Kadir Salam,Land use change in a hilly and a middle terrace areas and its impact on soil fertility in South Sumatra,2
Abdul Kadir Salam,Management of Heavy Metals in Tropical Soil Environment,1
Abdul Kadir Salam,Penentuan Dosis Dan Ukuran Butir Pupuk Fosfat Super Terbaik Untuk Mendukung Pertumbuhan Dan Serapan P Tanaman Kedelai (Glycine Max [l.] Merril),1
Abdul Kadir Salam,Penurunan aktivitas fosfatase asam di daerah perakaran beberapa jenis tanaman akibat perlakuan kapur dan limbah industri bertimah hitam,1
Abdul Kadir Salam,The DTPA-extractable heavy metals in tropical soils treated with lime materials,1
Abdul Kadir Salam,Tropical Soil Labile Fractions of Copper in the Experimental Plots±Ten Years after Application of Copper-Containing-Waste,"(None,)"
Abdul Kadir Salam,Pengaruh Sistem Olah Tanah Dan Aplikasi Herbisida Terhadap Beberapa Sifat Kimia Tanah Pada Tanah Ultisol Di Pertanaman Ubi Kayu (manihot Esculenta Crantz),"(None,)"
I GEDE AB WIRANATA,I. Dasar-Dasar Etika dan Moralitas,3
I GEDE AB WIRANATA,Gede AB 2002,3
I GEDE AB WIRANATA,Hukum Adat di Persimpangan,2
I GEDE AB WIRANATA,"Membedah Hukum Progresif, editor Gede Wiranata, et. al",2
I GEDE AB WIRANATA,Reorientasi Terhadap Struktur Tanah Sebagai Obyek Investasi,2
I GEDE AB WIRANATA,Membedah Hukum Progresif,2
I GEDE AB WIRANATA,"Masyarakat, Budaya Hukum, dan Kearifan Lokal di Era Globalisasi",1
I GEDE AB WIRANATA,Membedah Hukum Progresif,1
I GEDE AB WIRANATA,URGENSI DAN RELEVANSI PENGATURAN TANAH DALAM KEGIATAN PENANAMAN MODAL/INVESTASI,"(None,)"
I GEDE AB WIRANATA,PEMANFAATAN KREDIT MIKRO UNTUK MENDORONG PERTUMBUHAN USAHA KECIL PERSEORANGAN DI PROVINSI LAMPUNG,"(None,)"
I GEDE AB WIRANATA,UPAYA PERLINDUNGAN DAN PELESTARIAN SATWA DI TAMAN BURUNG BALI BIRD PARK DESA SINGAPADU KECAMATAN BATUBULAN KABUPATEN GIANYAR PROVINSI BALI,"(None,)"
Prof. Dr. Ahmad Saudi Samosir,Implementation of new control method based on dynamic evolution control with linear evolution path for boost dc-dc converter,17
Prof. Dr. Ahmad Saudi Samosir,Particle swarm optimization-based maximum power point tracking algorithm for wind energy conversion system,14
Prof. Dr. Ahmad Saudi Samosir,Dynamic evolution control for fuel cell DC-DC converter,14
Prof. Dr. Ahmad Saudi Samosir,A simple PEM fuel cell emulator using electrical circuit model,13
Prof. Dr. Ahmad Saudi Samosir,Dynamic evolution controller for single phase inverter application,12
Prof. Dr. Ahmad Saudi Samosir,Implementation of new control method based on dynamic evolution control for DC-DC power converter,11
Prof. Dr. Ahmad Saudi Samosir,Mechanical energy harvesting devices for low frequency applications: revisited,6
Prof. Dr. Ahmad Saudi Samosir,Development of a current control ultracapacitor charger based on digital signal processing,6
Caswita Wita,"Peningkatan kemampuan berpikir kritis, kreatif, dan reflektif (K2R) matematis siswa SMP melalui pembelajaran berbasis masalah",41
Caswita Wita,Kemampuan berpikir kreatif matematis dan pembelajaran matematika berbasis masalah Open-Ended,34
Caswita Wita,Peningkatan kemampuan berpikir kritis matematis siswa SMP melalui pembelajaran berbasis masalah,24
Caswita Wita,"Problem posing, strategi efektif meningkatkan aktivitas siswa dalam pembelajaran matematika",23
Caswita Wita,Scaffolding dalam pembelajaran matematika,17
Caswita Wita,Self Efficacy Mahasiswa Terhadap Matematika,11
Caswita Wita,Evaluasi Kemampuan Berpikir Kreatif Matematis Siswa SMP,11
Caswita Wita,"Kemampuan Berpikir Kreatif Matematis: Apa, Mengapa dan Bagaimana",11
Caswita Wita,Model Pembelajaran ALQURAN (Alquran Teaching Model). Prosiding Seminar Nasional Mathematics,10
Caswita Wita,Problem-based learning dan kemampuan berpikir reflektif dalam pembelajaran matematika,10
Caswita Wita,Efektivitas Model Pembelajaran Kooperatif Tipe TPS Terhadap Pemahaman Konsep Matematis Siswa,9
Caswita Wita,Efektivitas Model Pembelajaran Kooperatif Tipe NHT Ditinjau dari Pemahaman Konsep Matematis Siswa,8
Caswita Wita,Desain Didaktis Teori Peluang SMA,6
Caswita Wita,Penerapan Model PBL untuk Meningkatkan Kemampuan Representasi Matematis Siswa,6
Caswita Wita,Fungsi dan pentingnya pertanyaan dalam pembelajaran,6
Caswita Wita,Isolation and cloning of cDNA of gene encoding for metallothionein type 2 from Melastoma affine,6
Caswita Wita,Efektivitas Pendekatan Realistik dalam Meningkatkan Kemampuan Menyelesaikan Soal Cerita dan Sikap Terhadap Matematika Ditinjau dari Kemampuan Awal Siswa Kelas IV SD di …,6
Caswita Wita,Metode Socrates dalam pembelajaran berpikir kritis aplikasi dalam matematika,5
Caswita Wita,Penerapan Model Pembelajaran Berbasis Masalah untuk Meningkatkan Kemampuan Representasi Matematis Siswa,5
rangga firdaus,"Manajemen Perkreditan Bank Umum (Teori, Masalah, Kebijakan dan Aplikasinya Lengkap dengan Analisis Kredit)",76
rangga firdaus,"Ovitrap surveillance of the dengue vectors, Aedes (Stegomyia) aegypti (L.) and Aedes (Stegomyia) albopictus Skuse in selected areas in Bentong, Pahang, Malaysia",22
rangga firdaus,Teknologi load balancing untuk mengatasi beban server,18
rangga firdaus,Manajemen Dana Bank,17
rangga firdaus,Pengantar Teori Moneter serta Aplikasinya pada Sistem Ekonomi Konvensional dan Syariah,15
rangga firdaus,"Reduced Cannibalistic Behavior of African Catfish, ",13
rangga firdaus,"Dengue vector surveillance in insular settlements of Pulau Ketam, Selangor, Malaysia",11
rangga firdaus,Teori dan Analisa Kredit serta ketentuanketentuan tentang beberapa jenis kredit,8
rangga firdaus,Teori dan Analisa Kredit,7
rangga firdaus,Keanekaragaman Hayati dan Struktur Ekologi Mangrove Dewasa di Kawasan Pesisir Kota Dumai-Propinsi Riau,7
rangga firdaus,The impact of climate change towards Malaysian paddy farmers,6
rangga firdaus,Manajemen Perkreditan Bank Umum: Teori,6
rangga firdaus,Manajemen Kredit Bank,6
Gusri AKHYAR IBRAHIM,Application of Taguchi method in the optimization of turning parameters for surface roughness,49
Gusri AKHYAR IBRAHIM,The effect of dry machining on surface integrity of titanium alloy Ti-6Al-4V ELI,40
Gusri AKHYAR IBRAHIM,Machinalibilty of Ti-6Al-4V under dry and near dry condition using carbide tools,22
Gusri AKHYAR IBRAHIM,SURFACE INTEGRITY OF Ti-6Al-4V ELI WHEN MACHINED USING COATED CARBIDE TOOLS UNDER DRY CUTTING CONDIT,19
Gusri AKHYAR IBRAHIM,Progression and wear mechanism of CVD carbide tools in turning Ti-6Al-4V ELI,16
Gusri AKHYAR IBRAHIM,Taguchi optimization method for surface roughness and material removal rate in turning of Ti-6Al-4V ELI,14
Gusri AKHYAR IBRAHIM,Tool wear mechanism in continuous cutting of difficult-to-cut material under dry machining,12
Gusri AKHYAR IBRAHIM,Application of Taguchi method in optimizing turning parameters of titanium alloy,12
Gusri AKHYAR IBRAHIM,Traditional water wheels as a renewable rural energy,8
Gusri AKHYAR IBRAHIM,Tool life of TiAlN PVD coated carbide tool in high-speed end milling of untreated Inconel 718 under minimum quantity lubrication condition,7
Gusri AKHYAR IBRAHIM,Infective disease processes based on fractional differential equation,6
Gusri AKHYAR IBRAHIM,The effects of CBN cutting tool grades on the tool life and wear mechanism when dry turning of titanium alloy,6
Gusri AKHYAR IBRAHIM,Tool life modeling of Inconel 718 under MQL with coated carbide tool,5
Gusri AKHYAR IBRAHIM,Surface intergrity of Inconel 718 under MQL condition,4
Gusri AKHYAR IBRAHIM,Tool wear of PVD coated carbide tool when finish turning Inconel 718 under high speed machining,4
Gusri AKHYAR IBRAHIM,Cutting force analysis when milling Ti-6Al-4V under dry and near dry conditions using coated tungsten carbides,4
Gusri AKHYAR IBRAHIM,Surface integrity of AISI D2 when turned using coated and uncoated carbide tools,4
Gusri AKHYAR IBRAHIM,FEM Simulation of Machining AISI 1045 Steel Using Driven Rotary Tool.,3
Gusri AKHYAR IBRAHIM,Performance of PVD-coated carbide tools when turning inconel 718 in dry machining,3
Zainal Abidin,Comparison between fuzzy and nn method for speech emotion recognition,56
Zainal Abidin,Wajo pada abad XV-XVI: suatu penggalian sejarah terpendam Sulawesi Selatan dari lontaraʼ,35
Zainal Abidin,Radiotracer method for residence time distribution study in multiphase flow system,29
Zainal Abidin,Characterization of Fusarium proliferatum through species specific primers and its virulence on rice seeds,11
Zainal Abidin,SIFAT FISIKO KIMIA BERAS MERAH GOGO LOKAL ENDE [The Physico-chemical Properties of Local Ende High Land Brown Rice],9
Zainal Abidin,Dispersion determination in a turbulent pipe flow using radiotracer data and CFD analysis,7
Zainal Abidin,"Isotope and gas geochemistry of Dieng geothermal field, Indonesia",7
Zainal Abidin,Frontier approaches to production efficiency of commercial banks in Indonesia,6
NETTI HERAWATI,"A survey of perception, knowledge, awareness, and attitude in regard to environmental problems in a sample of two different social groups in Jakarta, Indonesia",101
NETTI HERAWATI,Content of cadmium in carrots compared with rice in Japan,25
NETTI HERAWATI,ANALISIS KETEGARAN REGRESI ROBUST TERHADAP LETAK PENCILAN: STUDI PERBANDINGAN,2
NETTI HERAWATI,RIDGE REGRESSION FOR HANDLING DIFFERENT LEVELS OF MULTICOLLINEARITY,"(None,)"
NETTI HERAWATI,Regularized Multiple Regression Methods to Deal with Severe Multicollinearity,"(None,)"
NETTI HERAWATI,Robust Estimation of Generalized Estimating Equation when Data Contain Outliers,"(None,)"
NETTI HERAWATI,The Optimal Bandwidth for Kernel Density Estimation of Skewed Distribution: A Case Study on Survival Data of Cancer Patients,"(None,)"
NETTI HERAWATI,A ROBUST PROCEDURE FOR GEE MODEL,"(None,)"
NETTI HERAWATI,PERBANDINGAN KUASA UJI PENDEKATAN BIGGERS DAN SATTERTHWAITE-COCHRAN DALAM MENGANALISIS DATA HILANG PADA RANCANGAN KELOMPOK TERACAK LENGKAP,"(None,)"
NETTI HERAWATI,inference for noisy samples,"(None,)"
NETTI HERAWATI,Testing Normality and Bandwith Estimation Using Kernel Method For Small Sample Size,"(None,)"
NETTI HERAWATI,Regresi Rasio Prevalensi dengan Model Log-Binomial: Isu Ketakkonvergenan,"(None,)"
NETTI HERAWATI,"A survey of perception, knowledge, awareness and attitude in regard to environmental problems in a sample of two different social groups in Jakarta, Indonesia.","(None,)"
NETTI HERAWATI,Demanding more of landscape research and researches.,"(None,)"
NETTI HERAWATI,Environmental knowledge and beliefs among grade 10 students in Australia.,"(None,)"
NETTI HERAWATI,BENTUK KUADRATIK JUMLAH KUADRAT DAN KOMPONEN RAGAM RANCANGAN TERSARANG DUA TAHAP MODEL ACAK,"(None,)"
NETTI HERAWATI,RANCANGAN PERCOBAAN* Oleh,"(None,)"
NETTI HERAWATI,"SIGIT SUDARMADI, SHOSUKE SUZUKI, TOMOYUKI KAWADA, HERAWATI NETTI, SOEHARSONO SOEMANTRI and A. TRI TUGASWATI/A survey of perception, knowledge, awareness, and attitude in regard …","(None,)"
NETTI HERAWATI,"HERAWATI NETTI, SOEHARSONO SOEMANTRI"" and","(None,)"
ARI NURWENI,How many words do Senior High School students acquire per week,6
ARI NURWENI,Meanings of English Loanwords in Indonesian Articles of Sport,4
ARI NURWENI,The Implementation of Think Pair Share Technique in Teaching Reading Comprehension,1
ARI NURWENI,The Effectiveness of Explicit-Implicit Vocabulary Learning Using Subtitled-Video on Vocabulary Mastery of Students of MTs. Darul A'mal,1
ARI NURWENI,Identifying learning strategies between successful and unsuccessful learners in reading comprehension,1
ARI NURWENI,THE EFFECT OF TEACHING MORPHOLOGICAL ANALYSIS ON THE STUDENTS'READING COMPREHENSION ACHIEVEMENT,1
ARI NURWENI,Implementing the Exclusive Learning Model in Teaching Reading Comprehension,1
ARI NURWENI,The Shrinkage of Javanese Vocabulary,1
ARI NURWENI,Implementing Clustering Technique in Teaching Descriptive Writing,"(None,)"
ARI NURWENI,The Implementation of Guiding Question Technique in Increasing the Students’ Writing Analytical Exposition Text,"(None,)"
ARI NURWENI,The Implementation of Rap Strategy to Improve Students’ Reading Comprehension,"(None,)"
SINDUNG HARYANTO,Sosiologi Ekonomi,74
SINDUNG HARYANTO,Dunia simbol orang Jawa,24
SINDUNG HARYANTO,Sosiologi Agama dari Klasik Hingga Postmodern,18
SINDUNG HARYANTO,Edelweiss van Jogja: pengabdian abdidalem Keraton Yogyakarta dalam perspektif sosio-fenomenologi,5
SINDUNG HARYANTO,Sosiologi Agama,4
SINDUNG HARYANTO,Muslim Students and Attitudes toward Gay Men,1
SINDUNG HARYANTO,Men’s Engagement in Reproductive Health and Prevention of Gender-Based Violence,1
SINDUNG HARYANTO,Konflik Sosial di Era Reformasi,1
SINDUNG HARYANTO,Sosiologi Ekonomi: Konsumerisme dan Budaya Konsumen,1
SINDUNG HARYANTO,Engaging Men: Results of the MenCare+ Gender Justice Program in Indonesia,"(None,)"
SINDUNG HARYANTO,"TOWARDS A NEW VILLAGE DEVELOPMENT PARADIGM IN LAMPUNG PROVINCE, INDONESIA","(None,)"
SINDUNG HARYANTO,KEKERASAN SIMBOLIK BERBASIS GENDER DALAM BUDAYA POP INDONESIA,"(None,)"
SINDUNG HARYANTO,MODAL SOSIAL DAN STRATEGI BERTAHAN HIDUP DI KELUARGA ANAK PUTUS SEKOLAH PERKOTAAN,"(None,)"
SINDUNG HARYANTO,Rationality of Social Action of the Yogyakarta Palace’s Courtiers,"(None,)"
SINDUNG HARYANTO,Edelweiss Van Jogja,"(None,)"
Buhani,Production of metal ion imprinted polymer from mercapto–silica through sol–gel process as selective adsorbent of cadmium,56
Buhani,Adsorption kinetics and isotherm of Cd (II) ion on Nannochloropsis sp biomass imprinted ionic polymer,22
Buhani,"Immobilization of S. duplicatum supported silica gel matrix and its application on adsorption–desorption of Cu (II), Cd (II) and Pb (II) ions",17
Buhani,"Isoterm Adsorpsi ion Pb (II), Cu (II) dan Cd (II) pada Biomassa Nannochloropsis sp yang Dienkapsulasi Akuagel Silika",13
Buhani,Amino and Mercapto-Silica Hybrid for Cd (II) Adsorption in Aqueous Solution,11
Buhani,"BIOSORPTION OF METAL IONS Pb (II), Cu (II), AND Cd (II) ON Sargassum duplicatum IMMOBILIZED SILICA GEL MATRIX",7
Buhani,"THE ROLE OF C-METHYL-4, 10, 16, 22-TETRAMETOXY CALIX [4] ARENE AS INHIBITOR OF CALCIUM CARBONATE (CaCO 3) SCALE FORMATION",5
Buhani,Adsorption competition of Cu (II) ion in ionic pair and multi-metal solution by ionic imprinted amino-silica hybrid adsorbent,3
Buhani,Production of ionic imprinted polymer from Nannochloropsis sp biomass and its adsorption characteristics toward Cu (II) ion in solutions,3
Buhani,Immobilization of Chetoceros sp Microalgae with Silica Gel through Encapsulation Technique as Adsorbent of Pb Metal from Solution,3
Buhani,"Sintesisc-Metil-4, 10, 16, 22-Tetrametoksi Kaliks [4] Arena dan Peranannya Sebagai Inhibitor Pembentukan Kerak Kalsium Karbonat (CaCO3)",3
Buhani,Immobilisasi Biomassa Alga dengan Polimer Pendukung sebagai Material Bioreaktor,3
Buhani,Modification of Gambier extracs as green inhibitor of calcium carbonate (CaCO3) scale formation,2
Buhani,Inhibition of calcium carbonate (CaCO3) scale formation by calix [4] resorcinarene compounds,2
Buhani,Influence of Calix [4] arene Derived Compound on Calcium Sulphate Scale Formation.,2
Buhani,Chemical Stability of Cd (II) and Cu (II) Ionic Imprinted Amino-Silica Hybrid Material in Solution Media,2
Buhani,CHEMICAL STABILITY AND ADSORPTION SELECTIVITY ON Cd 2+ IONIC IMPRINTED Nannochloropsis sp MATERIAL WITH SILICA MATRIX FROM TETRAETHYL ORTHOSILICATE,2
Buhani,KARAKTERISTIK PENGIKATAN ION Cd (II) dan Cu (II) DALAM PEMBUATAN HIBRIDA AMINO-SILIKA IMPRINTED IONIK,2
Buhani,"Buhani,(2007) Perancangan Alat Alat Proses Adsorpsi dengan Metode Kontinyu Berbasis Pengendali Logika Terprogram PLC Omron Zen 10C1AR-A",2
Abdul Kadir Salam,Peningkatan Fosfat Larut dari Batuan Fosfat dengan Campuran Limbah Cair Industri Tapioka dan Asam Sulfat pada Waktu Inkubasi Berbeda,"(None,)"
Sutopo Hadi,Purification and Characterization of Extracellular α-Amilase Enzyme from Locale Bacteria Isolate Bacillus subtilis ITBCCB148,27
ardian ulvan,Handover procedure and decision strategy in LTE-based femtocell network,137
rangga firdaus,"Assessment on the acceptability of hybrid grouper, Epinephelus fuscoguttatus♀× Epinephelus lanceolatus♂ to soybean meal-based diets.",5
rangga firdaus,Evaluation and selection of mutative artemisia (Artemisia annua L.) according to the altitude variants,4
rangga firdaus,Pengantar Teori Moneter,4
rangga firdaus,Teknologi Multi Protocol Label Switching (MPLS) untuk Meningkatkan Performa Jaringan,4
rangga firdaus,Survey Atribut Kepuasan Pelanggan Bright PLN Kota Batam Tahun 2016,3
rangga firdaus,Assessing paddy farming sustainability in the Northern Terengganu Integrated Agricultural Development Area (IADA KETARA): A structural equation modelling approach,3
Zainal Abidin,Amat@ Anwar. Sejarah Penggunaan Matawang Dinar,6
Zainal Abidin,Nutrient manager for rice: a mobile phone and internet application increases rice yield and profit in rice farming,5
Zainal Abidin,"Genetic Structure of Herpetofauna on Halmahera Island, Indonesia: Implications for Aketajawe‐Lolobata National Park",5
Zainal Abidin,Elites’ perceptions about the Bukit Barisan Selatan National Park,5
Zainal Abidin,Kebijakan Publik Jakarta,5
Zainal Abidin,Development of FMCW SAR on L-band frequency for UAV payload,4
Zainal Abidin,Analisis Daya Saing Usahatani Kelapa Sawit di Kecamatan Waway Karya Kabupaten Lampung Timur,4
Zainal Abidin,The impact of government policy on the competitiveness of sugarcane farming in Lampung Province,4
Zainal Abidin,Model percepatan pengembangan pertanian lahan rawa lebak berbasis inovasi,3
Zainal Abidin,"Exploration and Development of the Tawau Geothermal Project, Malaysia",3
ARI NURWENI,Question Answer Relationship (QAR) In Teaching Reading Comprehension At SMPN5 Bandar Lampung,"(None,)"
ARI NURWENI,Teaching Vocabulary Using Storytelling,"(None,)"
ARI NURWENI,The Study of Speech Act Sets of Refusal on Indonesian Students Speaking English,"(None,)"
ARI NURWENI,Integrating Jigsaw within SA in Comparison to the Conventional SA in Teaching Reading,"(None,)"
ARI NURWENI,The Use Of Task Complexity In Spoken Performance By The 10th Students Of Sman 2 Padang Cermin,"(None,)"
ARI NURWENI,A TEACHING PRACTICE INCORPORATING STUDENTS’GOAL AND INSTITUTIONAL GOAL IN BIG-SIZED ENGLISH CLASSES,"(None,)"
ARI NURWENI,Teaching the Simple Past Tense through Explicit Instruction and Implicit Instruction,"(None,)"
ARI NURWENI,The Use of Crossword Puzzle Game and Clustering Technique on Vocabulary Size,"(None,)"
SINDUNG HARYANTO,"POLA HUBUNGAN ANTAR GOLONGAN, STEREOTIPE ETNIK DAN REKONSILIASI KONFLIK (Studi Pola Hubungan Antar Golongan Pada Masyarakat Majemuk Dalam Perspektif Feminisme)","(None,)"
SINDUNG HARYANTO,"ETNISITAS DAN PERKEMBANGAN BISNIS KECIL Studi Tentang Pengaruh Nilai Budaya Etnik Asli Lampung"" Pi-iI Pesenggiri"" Terhadap Perkembangan Bisnis Kecil Di Kabupatan Lampung Tengah","(None,)"
SINDUNG HARYANTO,"TRANSMIGRASI SWAKARSA: HMOTIVASI, PENGAMBILAN KEPUTUSAN PINDA DAN PROSES KEPINDAHANNYA","(None,)"
SINDUNG HARYANTO,POLA INTERAKSI ANTAR ETNIK DAN MEKANISME PEACE BUILDING,"(None,)"
Sutopo Hadi,"The chemical modification of protease enzyme isolated from local bacteria isolate, Bacillus subtilis ITBCCB148 with cyanuric chloride polyethylenglycol",20
Sutopo Hadi,Antifungal Activity Test of some Organotin (IV) Carboxylates,16
Sutopo Hadi,"Morusin, a Bioactive Compound from the Root Bark of Artocarpus dadah",13
Sutopo Hadi,Synthesis and in vitro anticancer activity of some organotin (IV) benzoate compounds,12
Sutopo Hadi,The bioactivity test of artonin E from the bark of Artocarpus rigida Blume,11
Sutopo Hadi,Comparative study on the antifungal activity of some di-and tributyltin (IV) carboxylate compounds,10
Sutopo Hadi,"Nurhasanah, 2009. Comparative Study on the Antifungal Activity of Some Di-and Tributyltin (IV) Carboxylate Compounds",10
Sutopo Hadi,Synthesis and Potency Study of Some Dibutyltin (IV) Dinitrobenzoate Compounds as Corrosion Inhibitor for Mild Steel HRP in DMSO-HCl Solution.,9
Sutopo Hadi,"IN VITRO ACTIVITY AND COMPARATIVE STUDIES OF SOME ORGANOTIN (IV) BENZOATE DERIVATIVES AGAINST LEUKEMIA CANCER CELL, L-1210",8
Sutopo Hadi,"Reactions of cisplatin hydrolytes, ",8
Sutopo Hadi,Production of lactic acid from onggok and tofu liquid waste with concentrate maguro waste supplement by Streptococcus bovis,7
Sutopo Hadi,Reactions of fac-[PtMe2 (OMe)(H2O) 3]+ with halide ions: effect of halide trans effect on methoxide hydrolysis,6
Sutopo Hadi,Immobilization of a-amylase from locale bacteria isolate bacillus subtilis itbccb148 with carboxymethyl cellulose (CM-Cellulose),5
Sutopo Hadi,REACTIONS OF CISPLATIN HYDROLYTES WITH THIOLS 2: REACTIONS OF cis-[Pt (^ 1^ 5NH~ 3)~ 2 (H~ 2O)~ 2]^ 2^+ WITH L-CYSTEINE,5
Sutopo Hadi,ASIAN JOURNAL OF CHEMISTRY ASIAN JOURNAL OF CHEMISTRY,4
Sutopo Hadi,Lactic acid production from fresh cassava roots using single-stage membrane bioreactor,4
Sutopo Hadi,"The Isolation of?-viniferin, A Trimer Stilbene, from Shorea ovalis Blume",4
Sutopo Hadi,"The Effect of Chemical Modification on the Thermal Stability of Protease from Local Isolate Bacteria, Bacillus subtilisITBCCB148",4
Sutopo Hadi,"The Effect of Chemical Modification on the Thermal Stability of Protease from Local Isolate Bacteria, Bacillus subtilis ITBCCB148",4
ardian ulvan,The enhancement of handover strategy by mobility prediction in broadband wireless access,16
ardian ulvan,The analysis of scanning time in IEEE802. 16m's handover procedure,10
ardian ulvan,Design and implementation web based geographic information system for public services in Bandar Lampung City—Indonesia,7
ardian ulvan,IMS signalling in ltebased femtocell network,7
ardian ulvan,The study of IMS functionality in femtocell environment,5
ardian ulvan,IEEE802. 16 MAC management messages: The overhead and efficiency analysis in mesh topology,4
ardian ulvan,The Overhead and Efficiency Analysis on WiMAX’s MAC Management Message,4
ardian ulvan,The Efficiency Performance on Handover’s Scanning Process of IEEE802. 16m,4
ardian ulvan,Dynamic tunnel switching using network functions visualization for HA system failover,3
ardian ulvan,Retransmission issue of SIP session over UDP transport protocol in IP Multimedia Subsystem-IMS,3
ardian ulvan,High available VoIP server failover mechanism in Wide Area Network,2
ardian ulvan,Voice Quality of VoIP in High Availability Environment,2
ardian ulvan,Integrated IMS-femtocell testbed,2
ardian ulvan,The analysis of IEEE802. 16e MAC layer overhead and efficiency in PMP topology,1
ardian ulvan,Analysing the Flexibility and Utilisation of Node Association MAC Scheduling Mechanism Based on IEEE 802.16 e,1
ardian ulvan,Combined centralised and distributed mechanism for utilisation of node association in broadband wireless network,"(None,)"
ardian ulvan,PENGEMBANGAN WEBSITE KANTOR PERKEBUNAN PENGOLAHAN BIBIT UNGGUL KAKAO KAB. LUWU UTARA,"(None,)"
ardian ulvan,Dynamic Spectrum Access (Dsa) Dengan Mekanisme Spectrum Sensing Berbasis Pendeteksian Kanal Dan Bandwidth Untuk Efisiensi Spektrum,"(None,)"
ardian ulvan,The Analysis of Communication Process between User Equipment and Application Server in the Integrated IMS,"(None,)"
Zainal Abidin,Geothermal Reservoir Characterization for Steam Field Management in Kamojang Geothermal Field-West Java,3
